category,Model,Divergence_Percentage
Business,VADER,20.0
General,VADER,13.333333333333334
Political,VADER,36.36363636363637
Tech,VADER,21.333333333333336
Business,BERT,40.0
General,BERT,13.333333333333334
Political,BERT,36.36363636363637
Tech,BERT,38.666666666666664
